{
  "model": {
    "type": "minecraft:condition",
    "property": "minecraft:component",
    "predicate": "minecraft:enchantments",
    "value": [
      { "enchantments": "minecraft:flame", "levels": {"min": 1} }
    ],

    "on_true": {
      "type": "minecraft:condition",
      "property": "minecraft:using_item",
      "on_true": {
        "type": "minecraft:range_dispatch",
        "property": "minecraft:use_duration",
        "scale": 0.05,
        "entries": [
          {
            "threshold": 0.65,
            "model": {
              "type": "minecraft:model",
              "model": "minecraft:item/bow/flame_bow_pulling_1"
            }
          },
          {
            "threshold": 0.9,
            "model": {
              "type": "minecraft:model",
              "model": "minecraft:item/bow/flame_bow_pulling_2"
            }
          }
        ],
        "fallback": {
          "type": "minecraft:model",
          "model": "minecraft:item/bow/flame_bow_pulling_0"
        }
      },
      "on_false": {
        "type": "minecraft:model",
        "model": "minecraft:item/bow"
      }
    },

    "on_false": {
      "type": "minecraft:condition",
      "property": "minecraft:using_item",
      "on_true": {
        "type": "minecraft:range_dispatch",
        "property": "minecraft:use_duration",
        "scale": 0.05,
        "entries": [
          {
            "threshold": 0.65,
            "model": {
              "type": "minecraft:model",
              "model": "minecraft:item/bow_pulling_1"
            }
          },
          {
            "threshold": 0.9,
            "model": {
              "type": "minecraft:model",
              "model": "minecraft:item/bow_pulling_2"
            }
          }
        ],
        "fallback": {
          "type": "minecraft:model",
          "model": "minecraft:item/bow_pulling_0"
        }
      },
      "on_false": {
        "type": "minecraft:model",
        "model": "minecraft:item/bow"
      }
    }
  }
}
