{
    "model": {
        "type": "minecraft:composite",
        "models": [
            {
                "type": "minecraft:model",
                "model": "minecraft:item/golden_axe"
            },

            {
                "type": "minecraft:condition",
                "property": "minecraft:component",
                "predicate": "minecraft:enchantments",
                "value": [
                    {
                        "enchantments": "minecraft:mending"
                    }
                ],
                "on_true": {
                    "type": "minecraft:range_dispatch",
                    "property": "minecraft:damage",
                    "fallback": {"type": "minecraft:model", "model": "minecraft:item/axe/mending_0"},
                    "entries": [
                        {"threshold": 0.0, "model": {"type": "minecraft:empty"}},
                        {"threshold": 0.15, "model": {"type": "minecraft:model", "model": "minecraft:item/axe/mending_0"}},
                        {"threshold": 0.5, "model": {"type": "minecraft:model", "model": "minecraft:item/axe/mending_1"}},
                        {"threshold": 0.80, "model": {"type": "minecraft:model", "model": "minecraft:item/axe/mending_2"}}
                    ]
                },
                "on_false": {"type": "minecraft:empty"}
            },
            
            {
                "type": "minecraft:condition",
                "property": "minecraft:component",
                "predicate": "minecraft:enchantments",
                "value": [
                    {
                        "enchantments": "minecraft:sharpness",
                        "levels": {"min": 1}
                    }
                ],
                "on_true": {"type": "minecraft:model", "model": "minecraft:item/axe/sharpness"},
                "on_false": {"type": "minecraft:empty"}
            },

            {
                "type": "minecraft:condition",
                "property": "minecraft:component",
                "predicate": "minecraft:enchantments",
                "value": [
                    {
                        "enchantments": "minecraft:fortune",
                        "levels": {"min": 1}
                    }
                ],
                "on_true": {"type": "minecraft:model", "model": "minecraft:item/axe/fortune"},
                "on_false": {"type": "minecraft:empty"}
            },

            {
                "type": "minecraft:condition",
                "property": "minecraft:component",
                "predicate": "minecraft:enchantments",
                "value": [
                    {
                        "enchantments": "minecraft:silk_touch"

                    }
                ],
                "on_true": {"type": "minecraft:model", "model": "minecraft:item/axe/silk_touch"},
                "on_false": {"type": "minecraft:empty"}
            }
        ]
    }
}
