{
    "model": {
        "type": "minecraft:composite",
        "models": [
            {
                "type": "minecraft:condition",
                "property": "minecraft:component",
                "predicate": "minecraft:enchantments",
                "value": [
                    {
                        "enchantments": "minecraft:fire_aspect",
                        "levels": {"min": 1}
                    }
                ],
                "on_true": {
                    "type": "minecraft:select",
                    "property": "minecraft:display_context",
                    "cases": [
                        {
                            "when": ["gui", "ground", "fixed", "on_shelf"],
                            "model": {"type": "minecraft:model", "model": "minecraft:item/spear/fire_aspect_netherite"}
                        }
                    ],
                    "fallback": {
                        "type": "minecraft:model", "model": "minecraft:item/spear/fire_aspect_in_hand_netherite"
                    }
                },
                "on_false": {"type": "minecraft:empty"}
            },

            {
                "type": "minecraft:select",
                "property": "minecraft:display_context",
                "cases": [
                    {
                        "when": ["gui", "ground", "fixed", "on_shelf"],
                        "model": {"type": "minecraft:model", "model": "minecraft:item/netherite_spear"}
                    }
                ],
                "fallback": {
                    "type": "minecraft:model", "model": "minecraft:item/netherite_spear_in_hand"
                }
            },

            {
                "type": "minecraft:condition",
                "property": "minecraft:component",
                "predicate": "minecraft:enchantments",
                "value": [
                    {
                        "enchantments": "minecraft:mending"
                    }
                ],
                "on_true": {
                    "type": "minecraft:select",
                    "property": "minecraft:display_context",
                    "cases": [
                        {
                            "when": ["gui", "ground", "fixed", "on_shelf"],
                            "model": {
                                "type": "minecraft:range_dispatch",
                                "property": "minecraft:damage",
                                "fallback": {"type": "minecraft:model", "model": "minecraft:item/spear/mending_0"},
                                "entries": [
                                    {"threshold": 0.0, "model": {"type": "minecraft:empty"}},
                                    {"threshold": 0.15, "model": {"type": "minecraft:model", "model": "minecraft:item/spear/mending_0"}},
                                    {"threshold": 0.5, "model": {"type": "minecraft:model", "model": "minecraft:item/spear/mending_1"}},
                                    {"threshold": 0.80, "model": {"type": "minecraft:model", "model": "minecraft:item/spear/mending_2"}}
                                ]
                            }
                        }
                    ],
                    "fallback": {
                        "type": "minecraft:range_dispatch",
                        "property": "minecraft:damage",
                        "fallback": {"type": "minecraft:model", "model": "minecraft:item/spear/mending_0_in_hand"},
                        "entries": [
                            {"threshold": 0.0, "model": {"type": "minecraft:empty"}},
                            {"threshold": 0.15, "model": {"type": "minecraft:model", "model": "minecraft:item/spear/mending_0_in_hand"}},
                            {"threshold": 0.5, "model": {"type": "minecraft:model", "model": "minecraft:item/spear/mending_1_in_hand"}},
                            {"threshold": 0.80, "model": {"type": "minecraft:model", "model": "minecraft:item/spear/mending_2_in_hand"}}
                        ]
                    }
                },
                "on_false": {"type": "minecraft:empty"}
            },

            {
                "type": "minecraft:condition",
                "property": "minecraft:component",
                "predicate": "minecraft:enchantments",
                "value": [
                    {
                        "enchantments": "minecraft:sharpness",
                        "levels": {"min": 1}
                    }
                ],
                "on_true": {
                    "type": "minecraft:select",
                    "property": "minecraft:display_context",
                    "cases": [
                        {
                            "when": ["gui", "ground", "fixed", "on_shelf"],
                            "model": {"type": "minecraft:model", "model": "minecraft:item/spear/sharpness"}
                        }
                    ],
                    "fallback": {
                        "type": "minecraft:model", "model": "minecraft:item/spear/sharpness_in_hand"
                    }
                },
                "on_false": {"type": "minecraft:empty"}
            }
        ]
    }
}
